player,player_id,position,player_game_count,team_name,targets,receptions,drops,catchable,drop_rate
Cobi Hamilton,7978,WR,2,HST,6,1,0,1,0.0
Charcandrick West,9047,HB,13,KC,31,27,0,27,0.0
Senorise Perry,9035,HB,2,MIA,1,1,0,1,0.0
Eddie Lacy,7842,HB,8,SEA,6,6,0,6,0.0
Willie Snead IV,8999,WR,11,NO,13,8,0,8,0.0
Jeff Janis,8870,WR,3,GB,5,2,0,2,0.0
Jay Prosch,8845,FB,13,HST,4,4,0,4,0.0
Matt Hazel,8825,WR,3,CLV,1,1,0,1,0.0
Markus Wheaton,7860,WR,11,CHI,17,3,0,3,0.0
Alfred Blue,8816,HB,7,HST,8,7,0,7,0.0
Jared Abbrederis,8811,WR,7,DET,7,3,0,3,0.0
De'Anthony Thomas,8759,WR,16,KC,16,14,0,14,0.0
Logan Thomas,8755,TE,10,BUF,9,7,0,7,0.0
Allen Robinson II,8696,WR,1,JAX,1,1,0,1,0.0
Jeremy Hill,8690,HB,7,CIN,4,4,0,4,0.0
Mike Gillislee,7946,HB,8,NE,1,1,0,1,0.0
Sammy Watkins,8639,WR,15,LA,66,39,0,39,0.0
Kenjon Barner,7963,HB,12,PHI,8,5,0,5,0.0
Fozzy Whittaker,8547,HB,8,CAR,6,5,0,5,0.0
Josh Hill,8200,TE,16,NO,22,16,0,16,0.0
Patrick Ricard,48862,FB,10,BLT,4,4,0,4,0.0
De'Veon Smith,45671,HB,1,MIA,3,3,0,3,0.0
Emanuel Byrd,25432,TE,1,GB,2,2,0,2,0.0
Antony Auclair,24606,TE,7,TB,2,2,0,2,0.0
Cole Hikutini,12276,TE,3,SF,2,2,0,2,0.0
Tion Green,12185,HB,5,DET,2,2,0,2,0.0
Anthony Fasano,2998,TE,14,MIA,15,12,0,12,0.0
Bobo Wilson,12067,WR,3,TB,1,1,0,1,0.0
Jacob Hollister,12051,TE,11,NE,9,4,0,4,0.0
Matt Dayes,12006,HB,6,CLV,5,4,0,4,0.0
Chris Carson,12004,HB,4,SEA,7,7,0,7,0.0
Devante Mays,11994,HB,2,GB,3,3,0,3,0.0
Greg Olsen,3647,TE,7,CAR,34,17,0,17,0.0
De'Angelo Henderson Sr.,11958,HB,2,DEN,2,2,0,2,0.0
Eric Weems,4097,WR,3,TEN,2,1,0,1,0.0
Aaron Jones,11937,HB,9,GB,13,9,0,9,0.0
Chris Johnson,4338,HB,4,ARZ,6,5,0,5,0.0
Shelton Gibson,11921,WR,2,PHI,3,2,0,2,0.0
Jamal Agnew,11920,CB,4,DET,2,2,0,2,0.0
Brian Hill,11911,HB,2,CIN,2,2,0,2,0.0
Jeremy Sprinkle,11909,TE,7,WAS,3,2,0,2,0.0
Harry Douglas,4398,WR,2,TEN,3,1,0,1,0.0
Pierre Garcon,4519,WR,8,SF,65,40,0,40,0.0
Chad Hansen,11896,WR,14,NYJ,15,9,0,9,0.0
Jehu Chesson,11894,WR,4,KC,4,2,0,2,0.0
Danny Woodhead,4914,HB,8,BLT,37,33,0,33,0.0
Darrius Heyward-Bey,4930,WR,11,PIT,3,2,0,2,0.0
Josh Malone,11883,WR,11,CIN,16,6,0,6,0.0
Amara Darboh,11861,WR,16,SEA,13,8,0,8,0.0
Chad Williams,11853,WR,6,ARZ,5,3,0,3,0.0
D'Onta Foreman,11844,HB,9,HST,7,6,0,6,0.0
ArDarius Stewart,11834,WR,14,NYJ,12,6,0,6,0.0
Taywan Taylor,11827,WR,16,TEN,26,16,0,16,0.0
Louis Murphy Jr.,5048,WR,7,SF,16,8,0,8,0.0
Adam Shaheen,11800,TE,12,CHI,14,12,0,12,0.0
Garrett Griffin,11439,TE,3,NO,1,1,0,1,0.0
Austin Traylor,11411,TE,7,DEN,12,8,0,8,0.0
Joe Kerridge,11408,FB,1,GB,1,1,0,1,0.0
Max McCaffrey,11357,WR,3,SF,1,1,0,1,0.0
Tre Madden,11286,FB,6,SEA,2,2,0,2,0.0
Darius Powe,11251,WR,1,NYG,4,2,0,2,0.0
Ryan Malleck,11247,TE,2,HST,1,1,0,1,0.0
Tommylee Lewis,11231,WR,13,NO,15,10,0,10,0.0
Alex Erickson,11107,WR,14,CIN,16,12,0,12,0.0
Marcus Johnson,11074,WR,10,PHI,8,5,0,5,0.0
Maurice Harris,11035,WR,6,WAS,6,4,0,4,0.0
Andre Roberts,5612,WR,8,ATL,3,1,0,1,0.0
Kalif Raymond,11028,WR,3,NYG,1,1,0,1,0.0
Michael Hoomanawanui,5655,TE,14,NO,9,6,0,6,0.0
Leonard Wester,10944,T,1,TB,1,1,0,1,0.0
Charone Peake,10875,WR,3,NYJ,1,1,0,1,0.0
Dwayne Washington,10870,HB,5,DET,2,2,0,2,0.0
LeGarrette Blount,5863,HB,16,PHI,8,8,0,8,0.0
Mike Thomas,10840,WR,6,LA,7,5,0,5,0.0
Derek Watt,10832,FB,13,LAC,3,2,0,2,0.0
Danny Vitale,10831,FB,14,CLV,4,3,0,3,0.0
David Morgan,10822,TE,15,MIN,11,9,0,9,0.0
Andy Janovich,10810,FB,15,DEN,6,4,0,4,0.0
Trevor Davis,10797,WR,12,GB,6,5,0,5,0.0
Tyler Ervin,10753,WR,3,HST,11,8,0,8,0.0
Luke Stocker,6256,TE,12,TEN,5,4,0,4,0.0
Taiwan Jones,6277,HB,1,BUF,2,1,0,1,0.0
Braxton Miller,10719,WR,11,HST,28,19,0,19,0.0
Anthony Sherman,6288,FB,13,KC,7,6,0,6,0.0
Roosevelt Nix,10269,FB,13,PIT,3,2,0,2,0.0
Dion Lewis,6301,HB,16,NE,33,32,0,32,0.0
Mack Brown,10115,HB,2,MIN,1,1,0,1,0.0
Rod Smith,9996,HB,14,DAL,22,19,0,19,0.0
Lee Smith,6311,TE,15,OAK,11,8,0,8,0.0
Larry Pinkard,9930,WR,3,JAX,1,1,0,1,0.0
Jordan Leslie,9897,WR,2,CLV,1,1,0,1,0.0
Corey Grant,9827,HB,6,JAX,4,3,0,3,0.0
Jordan Taylor,9793,WR,9,DEN,18,13,0,13,0.0
Terron Ward,9778,HB,4,ATL,3,3,0,3,0.0
Nick Bellore,6515,LB,1,DET,1,1,0,1,0.0
Quan Bray,9700,WR,6,IND,3,3,0,3,0.0
Geoff Swaim,9679,TE,11,DAL,2,2,0,2,0.0
Tre McBride,9678,WR,7,CHI,15,8,0,8,0.0
Marcus Murphy,9663,HB,1,BUF,2,2,0,2,0.0
Ben Koyack,9662,TE,16,JAX,5,5,0,5,0.0
Aaron Ripkowski,9639,FB,16,GB,7,7,0,7,0.0
Randall Telfer,9631,TE,15,CLV,4,3,0,3,0.0
Cameron Artis-Payne,9607,HB,3,CAR,1,1,0,1,0.0
Brian Quick,7037,WR,7,WAS,8,6,0,6,0.0
Nick Boyle,9604,TE,15,BLT,35,28,0,28,0.0
Michael Burton,9601,FB,16,CHI,3,2,0,2,0.0
Brett Hundley,9580,QB,1,GB,1,1,0,1,0.0
Blake Bell,9550,TE,13,MIN,4,3,0,3,0.0
Ty Montgomery,9527,HB,7,GB,26,22,0,22,0.0
Lamar Miller,7097,HB,16,HST,41,35,0,35,0.0
Sammie Coates,9520,WR,9,CLV,10,6,0,6,0.0
Robert Turbin,7106,HB,6,IND,11,9,0,9,0.0
Orson Charles,7116,TE,5,KC,2,2,0,2,0.0
Jarius Wright,7118,WR,16,MIN,23,18,0,18,0.0
David Johnson,9519,HB,1,ARZ,8,6,0,6,0.0
Chris Conley,9509,WR,5,KC,16,11,0,11,0.0
Jaelen Strong,9503,WR,2,JAX,4,3,0,3,0.0
James Hanna,7175,TE,16,DAL,7,4,0,4,0.0
Clive Walford,9501,TE,11,OAK,13,9,0,9,0.0
Phillip Supernaw,7324,TE,12,TEN,6,4,0,4,0.0
Maxx Williams,9488,TE,11,BLT,16,15,0,15,0.0
Lance Dunbar,7332,HB,3,LA,2,1,0,1,0.0
Griff Whalen,7351,WR,2,BLT,5,4,0,4,0.0
Ameer Abdullah,9487,HB,14,DET,31,25,0,25,0.0
Keith Smith,9302,FB,11,DAL,5,5,0,5,0.0
Freddie Martino,9292,WR,7,TB,6,5,0,5,0.0
Branden Oliver,9286,HB,8,LAC,9,6,0,6,0.0
Fitzgerald Toussaint,9244,HB,4,PIT,3,2,0,2,0.0
Bobby Rainey Jr.,7511,HB,4,BLT,6,5,0,5,0.0
Sean McGrath,7515,TE,13,LAC,4,4,0,4,0.0
Brenton Bersin,7516,WR,8,CAR,13,8,0,8,0.0
Jamize Olawale,7572,FB,7,OAK,7,6,0,6,0.0
Bernard Reedy,9228,WR,5,NE,2,2,0,2,0.0
Marcus Williams,9115,CB,1,HST,1,1,0,1,0.0
Tyler Eifert,7802,TE,2,CIN,5,4,0,4,0.0
Ryan Hewitt,9107,TE,11,CIN,2,2,0,2,0.0
Justin Hunter,7815,WR,7,PIT,9,4,0,4,0.0
Xavier Grimble,9092,TE,12,PIT,8,5,0,5,0.0
Brandon Coleman,9086,WR,16,NO,34,23,0,23,0.0
Doug Baldwin,6615,WR,16,SEA,112,75,1,76,1.3
Kyle Rudolph,6195,TE,16,MIN,76,57,1,58,1.7
James White,8765,HB,14,NE,68,56,1,57,1.8
Michael Thomas,10681,WR,16,NO,139,104,2,106,1.9
DeSean Jackson,4363,WR,14,TB,87,50,1,51,2.0
Shane Vereen,6208,HB,16,NYG,52,44,1,45,2.2
Tyler Lockett,9502,WR,16,SEA,68,45,1,46,2.2
Chris Thompson,7936,HB,10,WAS,51,39,1,40,2.5
Deonte Thompson,7513,WR,16,BUF,67,38,1,39,2.6
Kyle Juszczyk,7912,FB,14,SF,39,33,1,34,2.9
Taylor Gabriel,9002,WR,16,ATL,48,33,1,34,2.9
Randall Cobb,6216,WR,15,GB,85,66,2,68,2.9
Todd Gurley II,9443,HB,15,LA,76,64,2,66,3.0
Jaron Brown,8128,WR,16,ARZ,64,31,1,32,3.1
Cordarrelle Patterson,7810,WR,16,OAK,41,31,1,32,3.1
Jason Witten,1384,TE,16,DAL,80,63,2,65,3.1
Antonio Gates,1609,TE,16,LAC,44,30,1,31,3.2
Devontae Booker,10770,HB,13,DEN,36,30,1,31,3.2
JuJu Smith-Schuster,11817,WR,14,PIT,77,58,2,60,3.3
Isaiah Crowell,9295,HB,16,CLV,39,28,1,29,3.4
Larry Fitzgerald,1724,WR,16,ARZ,153,109,4,113,3.5
Jordan Reed,7866,TE,6,WAS,33,27,1,28,3.6
Christian McCaffrey,11763,HB,16,CAR,106,80,3,83,3.6
Ted Ginn Jr.,3625,WR,15,NO,69,53,2,55,3.6
Jordy Nelson,4350,WR,15,GB,84,53,2,55,3.6
Tarik Cohen,11874,HB,16,CHI,65,53,2,55,3.6
Jalen Richard,11395,HB,16,OAK,31,27,1,28,3.6
O.J. Howard,11774,TE,14,TB,36,26,1,27,3.7
Ezekiel Elliott,10638,HB,10,DAL,33,26,1,27,3.7
Austin Seferian-Jenkins,8673,TE,13,NYJ,71,50,2,52,3.8
Delanie Walker,3120,TE,16,TEN,103,73,3,76,3.9
Duke Johnson Jr.,9510,HB,16,CLV,89,73,3,76,3.9
Rhett Ellison,7128,TE,16,NYG,28,24,1,25,4.0
Trey Burton,9185,TE,15,PHI,30,23,1,24,4.2
Golden Tate,5585,WR,16,DET,117,92,4,96,4.2
Nick O'Leary,9627,TE,15,BUF,30,22,1,23,4.3
Jeremy Kerley,6305,WR,8,NYJ,25,22,1,23,4.3
Jesse James,9593,TE,16,PIT,61,43,2,45,4.4
Devin Funchess,9474,WR,16,CAR,109,63,3,66,4.5
Le'Veon Bell,7829,HB,15,PIT,103,85,4,89,4.5
A.J. Derby,9635,TE,11,MIA,38,21,1,22,4.5
Jermaine Kearse,7428,WR,16,NYJ,95,64,3,67,4.5
Chris Ivory,6007,HB,12,JAX,25,21,1,22,4.5
Benjamin Watson,1753,TE,16,BLT,77,61,3,64,4.7
Antonio Brown,5718,WR,14,PIT,155,101,5,106,4.7
Laquon Treadwell,10657,WR,16,MIN,33,20,1,21,4.8
Damien Williams,9205,HB,11,MIA,26,20,1,21,4.8
Benny Cunningham,8283,HB,13,CHI,25,20,1,21,4.8
Jack Doyle,8520,TE,15,IND,102,80,4,84,4.8
Jeremy Maclin,4942,WR,12,BLT,67,40,2,42,4.8
Kendall Wright,7026,WR,16,CHI,82,59,3,62,4.8
Zach Miller,5104,TE,8,CHI,34,20,1,21,4.8
Kenny Stills,7926,WR,16,MIA,101,58,3,61,4.9
DeMarco Murray,6223,HB,15,TEN,44,39,2,41,4.9
Allen Hurns,8931,WR,10,JAX,54,39,2,41,4.9
Alshon Jeffery,7048,WR,16,PHI,113,57,3,60,5.0
DeAndre Hopkins,7808,WR,15,HST,164,96,5,101,5.0
Cody Latimer,8691,WR,11,DEN,27,19,1,20,5.0
Tyreek Hill,10799,WR,15,KC,102,75,4,79,5.1
Zach Ertz,7816,TE,14,PHI,102,74,4,78,5.1
Robert Woods,7822,WR,12,LA,80,56,3,59,5.1
Adam Thielen,8288,WR,16,MIN,135,91,5,96,5.2
Jonnu Smith,11855,TE,16,TEN,28,18,1,19,5.3
Matt Forte,4358,HB,12,NYJ,43,36,2,38,5.3
Mike Evans,8642,WR,15,TB,132,71,4,75,5.3
Cole Beasley,7330,WR,15,DAL,57,36,2,38,5.3
Tavarres King,7943,WR,8,NYG,32,18,1,19,5.3
Leonard Fournette,11759,HB,13,JAX,43,36,2,38,5.3
Josh Gordon,7618,WR,5,CLV,41,18,1,19,5.3
Kareem Hunt,11841,HB,16,KC,62,53,3,56,5.4
Mike Wallace,5007,WR,15,BLT,87,52,3,55,5.5
Darren Fells,8549,TE,16,DET,23,17,1,18,5.6
Elijah McGuire,11943,HB,14,NYJ,26,17,1,18,5.6
Corey Davis,11760,WR,11,TEN,64,34,2,36,5.6
J.D. McKissic,11047,HB,13,SEA,44,34,2,36,5.6
Jerick McKinnon,8731,HB,16,MIN,61,51,3,54,5.6
Chris Godwin,11839,WR,16,TB,54,34,2,36,5.6
D.J. Foster,11214,HB,7,ARZ,27,17,1,18,5.6
Alvin Kamara,11822,HB,16,NO,96,81,5,86,5.8
Peyton Barber,10927,HB,13,TB,18,16,1,17,5.9
Kendrick Bourne,12270,WR,11,SF,31,16,1,17,5.9
Stefon Diggs,9579,WR,14,MIN,94,64,4,68,5.9
Cameron Brate,9207,TE,16,TB,73,48,3,51,5.9
Jarvis Landry,8698,WR,16,MIA,156,112,7,119,5.9
Travaris Cadet,7457,HB,7,BUF,19,16,1,17,5.9
Javorius Allen,9558,HB,16,BLT,55,46,3,49,6.1
Danny Amendola,4717,WR,15,NE,80,61,4,65,6.2
Marvin Jones Jr.,7158,WR,16,DET,105,61,4,65,6.2
Adam Humphries,10075,WR,16,TB,82,61,4,65,6.2
Ryan Grant,8777,WR,16,WAS,63,45,3,48,6.3
A.J. Green,6156,WR,16,CIN,134,75,5,80,6.3
Sterling Shepard,10674,WR,11,NYG,83,59,4,63,6.3
Hunter Henry,10669,TE,14,LAC,60,45,3,48,6.3
Ed Dickson,5595,TE,16,CAR,44,30,2,32,6.3
Davante Adams,8688,WR,14,GB,108,74,5,79,6.3
Joe Mixon,11803,HB,14,CIN,34,30,2,32,6.3
Latavius Murray,7962,HB,16,MIN,17,15,1,16,6.3
Rex Burkhead,7971,HB,10,NE,36,30,2,32,6.3
Mike Davis,9559,HB,6,SEA,17,15,1,16,6.3
T.J. Yeldon,9469,HB,10,JAX,35,30,2,32,6.3
Frank Gore,2282,HB,16,IND,36,29,2,31,6.5
Mark Ingram II,6180,HB,16,NO,65,58,4,62,6.5
DeVante Parker,9447,WR,13,MIA,95,57,4,61,6.6
T.Y. Hilton,7092,WR,16,IND,102,57,4,61,6.6
Keelan Cole,51593,WR,16,JAX,73,42,3,45,6.7
Kapri Bibbs,8906,HB,3,WAS,16,14,1,15,6.7
Albert Wilson,8943,WR,13,KC,56,42,3,45,6.7
James O'Shaughnessy,9606,TE,16,JAX,21,14,1,15,6.7
Rob Gronkowski,5567,TE,14,NE,100,69,5,74,6.8
Julius Thomas,6281,TE,14,MIA,59,41,3,44,6.8
Rashard Higgins,10806,WR,15,CLV,46,27,2,29,6.9
Mohamed Sanu,7084,WR,15,ATL,94,67,5,72,6.9
Austin Ekeler,12164,HB,13,LAC,31,27,2,29,6.9
Rishard Matthews,7211,WR,14,TEN,84,53,4,57,7.0
Theo Riddick,7980,HB,16,DET,68,53,4,57,7.0
Brandon Williams,7876,TE,14,IND,15,13,1,14,7.1
Niles Paul,6307,TE,14,WAS,18,13,1,14,7.1
Brandon LaFell,5602,WR,16,CIN,86,52,4,56,7.1
Andre Holmes,6489,WR,14,BUF,23,13,1,14,7.1
Andre Ellington,7968,HB,12,HST,56,39,3,42,7.1
Brent Celek,3778,TE,16,PHI,23,13,1,14,7.1
Wendell Smallwood,10787,HB,7,PHI,16,13,1,14,7.1
Tavon Austin,7789,WR,16,LA,21,13,1,14,7.1
Martavis Bryant,8753,WR,15,PIT,81,50,4,54,7.4
Jordan Matthews,8677,WR,10,BUF,34,25,2,27,7.4
Tyler Higbee,10744,TE,16,LA,42,25,2,27,7.4
Nelson Agholor,9453,WR,16,PHI,91,62,5,67,7.5
Levine Toilolo,7915,TE,15,ATL,14,12,1,13,7.7
Ryan Griffin,7982,TE,7,HST,22,12,1,13,7.7
Phillip Dorsett,9462,WR,15,NE,17,12,1,13,7.7
Roger Lewis Jr.,11246,WR,15,NYG,71,36,3,39,7.7
Travis Kelce,7844,TE,15,KC,117,83,7,90,7.8
Melvin Gordon III,9448,HB,16,LAC,73,58,5,63,7.9
LeSean McCoy,4976,HB,16,BUF,71,58,5,63,7.9
Josh Doctson,10656,WR,16,WAS,72,35,3,38,7.9
Jamaal Charles,4387,HB,14,DEN,27,23,2,25,8.0
Bilal Powell,6278,HB,15,NYJ,29,23,2,25,8.0
DeAndre Washington,10777,HB,15,OAK,43,34,3,37,8.1
Charles Sims,8704,HB,16,TB,44,34,3,37,8.1
Chris Hogan,6468,WR,9,NE,58,34,3,37,8.1
Coby Fleener,7038,TE,11,NO,29,22,2,24,8.3
Julio Jones,6158,WR,16,ATL,143,88,8,96,8.3
Pharoh Cooper,10751,WR,16,LA,18,11,1,12,8.3
Josh Reynolds,11872,WR,15,LA,23,11,1,12,8.3
Samaje Perine,11869,HB,12,WAS,24,22,2,24,8.3
Troy Niklas,8687,TE,15,ARZ,20,11,1,12,8.3
Trent Taylor,11932,WR,15,SF,59,43,4,47,8.5
Eric Decker,5611,WR,16,TEN,83,54,5,59,8.5
Seth Roberts,9079,WR,15,OAK,65,43,4,47,8.5
Giovani Bernard,7818,HB,16,CIN,53,43,4,47,8.5
David Njoku,11784,TE,16,CLV,58,32,3,35,8.6
Terrance Williams,7855,WR,16,DAL,75,53,5,58,8.6
Robby Anderson,11254,WR,16,NYJ,111,63,6,69,8.7
Garrett Celek,7274,TE,16,SF,30,21,2,23,8.7
Tyler Kroft,9518,TE,16,CIN,59,42,4,46,8.7
George Kittle,11901,TE,15,SF,60,42,4,46,8.7
Michael Floyd,7019,WR,11,MIN,14,10,1,11,9.1
T.J. Jones,8824,WR,14,DET,45,30,3,33,9.1
Justin Hardy,9540,WR,16,ATL,29,20,2,22,9.1
Corey Clement,12253,HB,15,PHI,14,10,1,11,9.1
Kerwynn Williams,8013,HB,13,ARZ,15,10,1,11,9.1
Damiere Byrd,9964,WR,8,CAR,16,10,1,11,9.1
Martellus Bennett,4375,TE,9,NE,41,30,3,33,9.1
Michael Crabtree,4933,WR,14,OAK,99,58,6,64,9.4
Kelvin Benjamin,8663,WR,14,BUF,78,48,5,53,9.4
Bruce Ellington,8741,WR,11,HST,50,29,3,32,9.4
Michael Campanaro,8852,WR,13,BLT,24,19,2,21,9.5
Emmanuel Sanders,5606,WR,12,DEN,87,47,5,52,9.6
Jamison Crowder,9538,WR,15,WAS,96,66,7,73,9.6
Will Fuller V,10655,WR,10,HST,47,28,3,31,9.7
C.J. Anderson,8101,HB,16,DEN,35,28,3,31,9.7
Kenny Golladay,11851,WR,11,DET,48,28,3,31,9.7
Brandin Cooks,8655,WR,16,NE,109,65,7,72,9.7
Keenan Allen,7857,WR,16,LAC,147,102,11,113,9.7
Marquise Goodwin,7859,WR,16,SF,99,56,6,62,9.7
Devonta Freeman,8738,HB,13,ATL,41,36,4,40,10.0
Jacquizz Rodgers,6297,HB,13,TB,11,9,1,10,10.0
Brandon Marshall,3064,WR,5,NYG,32,18,2,20,10.0
Jeff Heuerman,9525,TE,14,DEN,18,9,1,10,10.0
Jared Cook,5012,TE,16,OAK,83,54,6,60,10.0
Kasen Williams,10195,WR,7,CLV,17,9,1,10,10.0
Malcolm Brown,9902,HB,11,LA,11,9,1,10,10.0
Cooper Kupp,11824,WR,15,LA,90,62,7,69,10.1
Eric Ebron,8645,TE,16,DET,81,53,6,59,10.2
Vernon Davis,2951,TE,16,WAS,68,43,5,48,10.4
Travis Benjamin,7100,WR,16,LAC,63,34,4,38,10.5
Wayne Gallman,11895,HB,13,NYG,42,34,4,38,10.5
Jamaal Williams,11889,HB,13,GB,33,25,3,28,10.7
Seth DeValve,10772,TE,16,CLV,53,33,4,37,10.8
Demaryius Thomas,5547,WR,16,DEN,136,83,10,93,10.8
Austin Hooper,10715,TE,16,ATL,62,49,6,55,10.9
Paul Perkins,10783,HB,6,NYG,9,8,1,9,11.1
Marcedes Lewis,2973,TE,16,JAX,45,24,3,27,11.1
Jimmy Graham,5619,TE,16,SEA,91,56,7,63,11.1
Derek Carrier,7406,TE,14,LA,11,8,1,9,11.1
Eric Tomlinson,9786,TE,14,NYJ,10,8,1,9,11.1
Mack Hollins,11873,WR,16,PHI,21,16,2,18,11.1
Chester Rogers,10918,WR,11,IND,36,23,3,26,11.5
Luke Willson,7940,TE,16,SEA,20,15,2,17,11.8
Tyler Boyd,10689,WR,10,CIN,31,22,3,25,12.0
Bennie Fowler,8914,WR,16,DEN,54,29,4,33,12.1
Tyrell Williams,10154,WR,16,LAC,68,43,6,49,12.2
C.J. Fiedorowicz,8700,TE,5,HST,21,14,2,16,12.5
Ross Travis,10320,TE,14,IND,16,7,1,8,12.5
Marqise Lee,8674,WR,14,JAX,91,56,8,64,12.5
Charles Clay,6326,TE,13,BUF,72,49,7,56,12.5
Leonte Carroo,10720,WR,8,MIA,12,7,1,8,12.5
Demarcus Robinson,10760,WR,16,KC,37,21,3,24,12.5
Patrick DiMarco,6997,FB,14,BUF,10,7,1,8,12.5
Darren Sproles,2347,HB,3,PHI,12,7,1,8,12.5
Mike Tolbert,4740,HB,12,BUF,16,14,2,16,12.5
C.J. Ham,11347,FB,15,MIN,8,7,1,8,12.5
John Brown,8726,WR,10,ARZ,51,21,3,24,12.5
Alfred Morris,7165,HB,13,DAL,8,7,1,8,12.5
Tevin Coleman,9506,HB,15,ATL,36,27,4,31,12.9
Dede Westbrook,11865,WR,7,JAX,49,27,4,31,12.9
Marshawn Lynch,3628,HB,15,OAK,29,20,3,23,13.0
Jermaine Gresham,5546,TE,14,ARZ,45,33,5,38,13.2
Carlos Hyde,8692,HB,16,SF,83,59,9,68,13.2
Daniel Brown,10144,TE,9,CHI,20,13,2,15,13.3
Donte Moncrief,8725,WR,12,IND,41,26,4,30,13.3
Jakeem Grant,10820,WR,12,MIA,21,13,2,15,13.3
Kenyan Drake,10707,HB,13,MIA,43,32,5,37,13.5
Chris Moore,10741,WR,12,BLT,34,18,3,21,14.3
Josh Bellamy,7472,WR,13,CHI,44,24,4,28,14.3
Neal Sterling,9653,TE,9,NYJ,12,6,1,7,14.3
Richard Rodgers,8733,TE,14,GB,17,12,2,14,14.3
Byron Marshall,11076,HB,3,WAS,8,6,1,7,14.3
Lawrence Thomas,11265,FB,13,NYJ,7,6,1,7,14.3
Jaydon Mickens,11371,WR,8,JAX,11,6,1,7,14.3
Brandon Tate,5006,WR,9,BUF,14,6,1,7,14.3
Ryan Switzer,11888,WR,13,DAL,7,6,1,7,14.3
Tommy Bohanon,7997,FB,15,JAX,11,6,1,7,14.3
Evan Engram,11778,TE,15,NYG,108,64,11,75,14.7
Corey Coleman,10649,WR,9,CLV,50,23,4,27,14.8
Dez Bryant,5549,WR,16,DAL,126,69,12,81,14.8
Geronimo Allison,11141,WR,15,GB,38,23,4,27,14.8
Alex Collins,10805,HB,13,BLT,32,23,4,27,14.8
Paul Richardson Jr.,8680,WR,16,SEA,80,44,8,52,15.4
Mike Williams,11762,WR,10,LAC,23,11,2,13,15.4
Zay Jones,11792,WR,15,BUF,65,27,5,32,15.6
Gerald Everett,11799,TE,16,LA,30,16,3,19,15.8
Marlon Mack,11898,HB,14,IND,30,21,4,25,16.0
Torrey Smith,6210,WR,16,PHI,63,36,7,43,16.3
Brice Butler,7991,WR,13,DAL,22,15,3,18,16.7
C.J. Uzomah,9590,TE,14,CIN,13,10,2,12,16.7
Alan Cross,10931,FB,8,TB,6,5,1,6,16.7
Bryce Treggs,11278,WR,6,CLV,17,5,1,6,16.7
Chris Thompson,12330,WR,7,HST,6,5,1,6,16.7
Stephen Anderson,11160,TE,15,HST,50,25,5,30,16.7
Dion Sims,7888,TE,14,CHI,27,15,3,18,16.7
Hunter Sharp,11078,WR,3,NYG,9,5,1,6,16.7
Dontrelle Inman,6597,WR,11,CHI,43,25,5,30,16.7
Terrelle Pryor Sr.,6944,WR,9,WAS,35,20,4,24,16.7
Jay Ajayi,9582,HB,14,PHI,33,24,5,29,17.2
Amari Cooper,9437,WR,14,OAK,90,48,10,58,17.2
Aldrick Robinson,6330,WR,16,SF,44,19,4,23,17.4
Vance McDonald,7836,TE,10,PIT,22,14,3,17,17.6
Eli Rogers,9878,WR,14,PIT,36,18,4,22,18.2
Thomas Rawls,9993,HB,11,SEA,13,9,2,11,18.2
Lance Kendricks,6199,TE,15,GB,28,18,4,22,18.2
Odell Beckham Jr.,8647,WR,4,NYG,41,25,6,31,19.4
J.J. Nelson,9592,WR,16,ARZ,59,29,7,36,19.4
Travis Rudolph,47997,WR,7,NYG,22,8,2,10,20.0
Rob Kelley,11090,HB,7,WAS,5,4,1,5,20.0
Jerell Adams,10818,TE,15,NYG,11,8,2,10,20.0
Elijhaa Penny,11300,HB,10,ARZ,5,4,1,5,20.0
Michael Clark,12107,WR,2,GB,14,4,1,5,20.0
Ricky Seals-Jones,12020,TE,8,ARZ,28,12,3,15,20.0
Noah Brown,11993,WR,12,DAL,9,4,1,5,20.0
Nick Vannett,10728,TE,15,SEA,15,12,3,15,20.0
Will Tye,10070,TE,3,NYJ,6,4,1,5,20.0
Isaiah McKenzie,11927,WR,10,DEN,12,4,1,5,20.0
Kenny Britt,4953,WR,12,NE,40,20,5,25,20.0
Michael Roberts,11882,TE,13,DET,5,4,1,5,20.0
Ricardo Louis,10748,WR,15,CLV,55,27,7,34,20.6
Jordan Howard,10784,HB,16,CHI,31,23,6,29,20.7
Orleans Darkwa,9173,HB,15,NYG,26,19,5,24,20.8
Curtis Samuel,11795,WR,9,CAR,26,15,4,19,21.1
Derrick Henry,10679,HB,16,TEN,14,11,3,14,21.4
Dalvin Cook,11796,HB,4,MIN,15,11,3,14,21.4
Matt Breida,12271,HB,16,SF,34,21,6,27,22.2
Nick Williams,8005,WR,1,ATL,4,3,1,4,25.0
Tanner Gentry,12170,WR,4,CHI,5,3,1,4,25.0
C.J. Prosise,10724,HB,5,SEA,10,6,2,8,25.0
Darrell Daniels,12122,TE,12,IND,12,3,1,4,25.0
Chris Matthews,6820,WR,5,BLT,6,3,1,4,25.0
Josh Ferguson,10907,HB,3,IND,4,3,1,4,25.0
Kaelin Clay,9617,WR,13,CAR,19,6,2,8,25.0
James Develin,6142,FB,15,NE,9,6,2,8,25.0
Russell Shepard,8254,WR,14,CAR,29,17,6,23,26.1
Virgil Green,6356,TE,16,DEN,22,14,5,19,26.3
Adrian Peterson,3623,HB,10,ARZ,17,11,4,15,26.7
Jonathan Stewart,4327,HB,15,CAR,13,8,3,11,27.3
Demetrius Harris,8524,TE,16,KC,34,18,7,25,28.0
Brittan Golden,7481,WR,8,ARZ,9,5,2,7,28.6
Dwayne Allen,7066,TE,16,NE,19,10,4,14,28.6
Breshad Perriman,9459,WR,11,BLT,31,10,4,14,28.6
Tanner McEvoy,11288,WR,15,SEA,9,5,2,7,28.6
Doug Martin,7035,HB,11,TB,17,9,4,13,30.8
Johnny Holton,11354,WR,15,OAK,18,9,4,13,30.8
Kamar Aiken,6671,WR,15,IND,38,15,7,22,31.8
Derrick Coleman,7377,FB,15,ATL,6,2,1,3,33.3
Chris Manhertz,10211,TE,14,CAR,4,2,1,3,33.3
Marvin Hall,11440,WR,8,ATL,8,2,1,3,33.3
Zach Line,8420,FB,11,NO,4,2,1,3,33.3
JoJo Natson,12739,WR,4,NYJ,5,2,1,3,33.3
Akeem Hunt,9839,HB,10,KC,6,4,2,6,33.3
Kevin White,9440,WR,1,CHI,4,2,1,3,33.3
Terrance West,8729,HB,5,BLT,4,2,1,3,33.3
Jeff Cumberland,5861,TE,7,LAC,3,2,1,3,33.3
Brandon Bolden,7469,HB,2,NE,2,1,1,2,50.0
Ifeanyi Momah,8557,TE,6,ARZ,2,1,1,2,50.0
Arrelious Benn,5564,WR,7,JAX,2,1,1,2,50.0
MarQueis Gray,8286,TE,11,MIA,3,1,1,2,50.0
DeAndrew White,9697,WR,2,HST,5,1,2,3,66.7
Ed Eagan,11121,WR,1,NYG,1,0,1,1,100.0
Adoree' Jackson,11773,CB,3,TEN,1,0,1,1,100.0
Marquez Williams,11995,FB,1,CLV,1,0,1,1,100.0
Cethan Carter,47149,TE,5,CIN,1,0,1,1,100.0
Gabe Holmes,9980,TE,2,ARZ,1,0,1,1,100.0
Isaac Whitney,12251,WR,1,OAK,1,0,0,0,
Marquis Bundy,11429,WR,1,NYG,3,0,0,0,
Ty Sambrailo,9492,T,2,ATL,1,0,0,0,
Zach Zenner,9761,HB,8,DET,1,0,0,0,
Vince Mayle,9556,TE,5,BLT,1,0,0,0,
C.J. Spiller,5534,HB,1,KC,2,0,0,0,
Matt LaCosse,9840,TE,5,DEN,1,0,0,0,
Cam Erving,9452,G,1,KC,1,0,0,0,
David Fluellen,9184,HB,2,TEN,1,0,0,0,
Cody Core,10833,WR,7,CIN,4,0,0,0,
Stacy Coley,11974,WR,3,MIN,1,0,0,0,
Logan Paulsen,5795,TE,10,SF,2,0,0,0,
John Ross,11764,WR,3,CIN,2,0,0,0,
K.J. Brent,11349,WR,4,IND,1,0,0,0,
