player,player_id,position,player_game_count,team_name,targets,receptions,yards,routes,yprr
Marcus Williams,9115,CB,1,HST,1,1,31,1,31.0
Allen Robinson II,8696,WR,1,JAX,1,1,17,1,17.0
Brett Hundley,9580,QB,1,GB,1,1,10,1,10.0
Taiwan Jones,6277,HB,1,BUF,2,1,11,2,5.5
Brian Hill,11911,HB,2,CIN,2,2,36,7,5.14
De'Veon Smith,45671,HB,1,MIA,3,3,27,6,4.5
Corey Grant,9827,HB,6,JAX,4,3,41,10,4.1
Emanuel Byrd,25432,TE,1,GB,2,2,31,8,3.88
Jamal Agnew,11920,CB,4,DET,2,2,18,5,3.6
Freddie Martino,9292,WR,7,TB,6,5,96,28,3.43
Tre Madden,11286,FB,6,SEA,2,2,65,20,3.25
Julio Jones,6158,WR,16,ATL,143,88,1444,469,3.08
Joe Kerridge,11408,FB,1,GB,1,1,3,1,3.0
Bobo Wilson,12067,WR,3,TB,1,1,18,6,3.0
Ricky Seals-Jones,12020,TE,8,ARZ,28,12,201,68,2.96
Antonio Brown,5718,WR,14,PIT,155,101,1533,534,2.87
Alvin Kamara,11822,HB,16,NO,96,81,826,291,2.84
Mack Brown,10115,HB,2,MIN,1,1,11,4,2.75
Ifeanyi Momah,8557,TE,6,ARZ,2,1,46,17,2.71
De'Angelo Henderson Sr.,11958,HB,2,DEN,2,2,36,14,2.57
Keenan Allen,7857,WR,16,LAC,147,102,1393,547,2.55
Rob Gronkowski,5567,TE,14,NE,100,69,1084,448,2.42
DeAndre Hopkins,7808,WR,15,HST,164,96,1378,576,2.39
Michael Thomas,10681,WR,16,NO,139,104,1245,521,2.39
David Johnson,9519,HB,1,ARZ,8,6,67,28,2.39
Rex Burkhead,7971,HB,10,NE,36,30,254,107,2.37
Jakeem Grant,10820,WR,12,MIA,21,13,203,86,2.36
Tyreek Hill,10799,WR,15,KC,102,75,1183,504,2.35
Fozzy Whittaker,8547,HB,8,CAR,6,5,47,20,2.35
Chris Thompson,7936,HB,10,WAS,51,39,510,218,2.34
Marcus Murphy,9663,HB,1,BUF,2,2,7,3,2.33
Adam Thielen,8288,WR,16,MIN,135,91,1276,548,2.33
Bernard Reedy,9228,WR,5,NE,2,2,21,9,2.33
Austin Ekeler,12164,HB,13,LAC,31,27,279,122,2.29
Orson Charles,7116,TE,5,KC,2,2,53,24,2.21
Robert Woods,7822,WR,12,LA,80,56,781,360,2.17
JuJu Smith-Schuster,11817,WR,14,PIT,77,58,917,424,2.16
Todd Gurley II,9443,HB,15,LA,76,64,788,368,2.14
Brice Butler,7991,WR,13,DAL,22,15,317,148,2.14
Kyle Juszczyk,7912,FB,14,SF,39,33,315,150,2.1
A.J. Green,6156,WR,16,CIN,134,75,1078,517,2.09
Odell Beckham Jr.,8647,WR,4,NYG,41,25,302,145,2.08
Marvin Hall,11440,WR,8,ATL,8,2,60,29,2.07
Cooper Kupp,11824,WR,15,LA,90,62,869,424,2.05
Duke Johnson Jr.,9510,HB,16,CLV,89,73,684,333,2.05
Hunter Henry,10669,TE,14,LAC,60,45,579,282,2.05
Travis Kelce,7844,TE,15,KC,117,83,1038,511,2.03
Chris Godwin,11839,WR,16,TB,54,34,525,258,2.03
Kapri Bibbs,8906,HB,3,WAS,16,14,128,63,2.03
Josh Gordon,7618,WR,5,CLV,41,18,335,167,2.01
Zach Ertz,7816,TE,14,PHI,102,74,824,412,2.0
Benny Cunningham,8283,HB,13,CHI,25,20,240,121,1.98
Jalen Richard,11395,HB,16,OAK,31,27,256,130,1.97
Marquise Goodwin,7859,WR,16,SF,99,56,962,496,1.94
Ted Ginn Jr.,3625,WR,15,NO,69,53,787,408,1.93
Adam Shaheen,11800,TE,12,CHI,14,12,127,66,1.92
Kelvin Benjamin,8663,WR,14,BUF,78,48,692,363,1.91
Robby Anderson,11254,WR,16,NYJ,111,63,941,492,1.91
Stefon Diggs,9579,WR,14,MIN,94,64,849,446,1.9
Golden Tate,5585,WR,16,DET,117,92,1003,534,1.88
Derek Carrier,7406,TE,14,LA,11,8,71,38,1.87
O.J. Howard,11774,TE,14,TB,36,26,432,233,1.85
Charles Clay,6326,TE,13,BUF,72,49,558,305,1.83
Delanie Walker,3120,TE,16,TEN,103,73,804,440,1.83
Joe Mixon,11803,HB,14,CIN,34,30,287,157,1.83
Doug Baldwin,6615,WR,16,SEA,112,75,991,543,1.83
Pierre Garcon,4519,WR,8,SF,65,40,500,279,1.79
Tarik Cohen,11874,HB,16,CHI,65,53,353,198,1.78
Brandin Cooks,8655,WR,16,NE,109,65,1082,609,1.78
Larry Fitzgerald,1724,WR,16,ARZ,153,109,1156,650,1.78
Danny Woodhead,4914,HB,8,BLT,37,33,200,113,1.77
D'Onta Foreman,11844,HB,9,HST,7,6,83,47,1.77
Marvin Jones Jr.,7158,WR,16,DET,105,61,1101,626,1.76
Davante Adams,8688,WR,14,GB,108,74,885,504,1.76
Mike Davis,9559,HB,6,SEA,17,15,131,75,1.75
T.J. Yeldon,9469,HB,10,JAX,35,30,224,128,1.75
Demaryius Thomas,5547,WR,16,DEN,136,83,949,546,1.74
Jamison Crowder,9538,WR,15,WAS,96,66,789,453,1.74
T.Y. Hilton,7092,WR,16,IND,102,57,966,555,1.74
Rishard Matthews,7211,WR,14,TEN,84,53,795,459,1.73
Alex Collins,10805,HB,13,BLT,32,23,187,108,1.73
Tommylee Lewis,11231,WR,13,NO,15,10,116,68,1.71
C.J. Prosise,10724,HB,5,SEA,10,6,87,51,1.71
C.J. Ham,11347,FB,15,MIN,8,7,68,40,1.7
Mark Ingram II,6180,HB,16,NO,65,58,416,244,1.7
Mike Evans,8642,WR,15,TB,132,71,1001,591,1.69
Danny Amendola,4717,WR,15,NE,80,61,659,390,1.69
Marqise Lee,8674,WR,14,JAX,91,56,702,421,1.67
Sterling Shepard,10674,WR,11,NYG,83,59,731,439,1.67
Vernon Davis,2951,TE,16,WAS,68,43,648,389,1.67
Kenny Golladay,11851,WR,11,DET,48,28,477,288,1.66
Brenton Bersin,7516,WR,8,CAR,13,8,128,77,1.66
Jarvis Landry,8698,WR,16,MIA,156,112,987,600,1.65
Johnny Holton,11354,WR,15,OAK,18,9,218,133,1.64
Mike Wallace,5007,WR,15,BLT,87,52,748,455,1.64
Albert Wilson,8943,WR,13,KC,56,42,554,338,1.64
Theo Riddick,7980,HB,16,DET,68,53,444,270,1.64
Vance McDonald,7836,TE,10,PIT,22,14,188,115,1.63
Jordan Leslie,9897,WR,2,CLV,1,1,26,16,1.63
Devontae Booker,10770,HB,13,DEN,36,30,275,169,1.63
Devin Funchess,9474,WR,16,CAR,109,63,840,515,1.63
Travaris Cadet,7457,HB,7,BUF,19,16,119,73,1.63
Michael Crabtree,4933,WR,14,OAK,99,58,618,382,1.62
Keelan Cole,51593,WR,16,JAX,73,42,748,465,1.61
Dez Bryant,5549,WR,16,DAL,126,69,838,519,1.61
Mike Thomas,10840,WR,6,LA,7,5,93,58,1.6
Nelson Agholor,9453,WR,16,PHI,91,62,768,480,1.6
DeAndre Washington,10777,HB,15,OAK,43,34,197,123,1.6
James White,8765,HB,14,NE,68,56,429,270,1.59
Derek Watt,10832,FB,13,LAC,3,2,35,22,1.59
Dalvin Cook,11796,HB,4,MIN,15,11,90,57,1.58
Nick O'Leary,9627,TE,15,BUF,30,22,322,204,1.58
Rod Smith,9996,HB,14,DAL,22,19,202,129,1.57
Alex Erickson,11107,WR,14,CIN,16,12,180,115,1.57
Mohamed Sanu,7084,WR,15,ATL,94,67,703,448,1.57
Allen Hurns,8931,WR,10,JAX,54,39,484,309,1.57
Garrett Celek,7274,TE,16,SF,30,21,336,214,1.57
Amari Cooper,9437,WR,14,OAK,90,48,680,441,1.54
Coby Fleener,7038,TE,11,NO,29,22,295,191,1.54
Jermaine Kearse,7428,WR,16,NYJ,95,64,814,530,1.54
DeSean Jackson,4363,WR,14,TB,87,50,668,437,1.53
Matt Forte,4358,HB,12,NYJ,43,36,292,191,1.53
Jerick McKinnon,8731,HB,16,MIN,61,51,421,276,1.53
Jack Doyle,8520,TE,15,IND,102,80,690,454,1.52
Giovani Bernard,7818,HB,16,CIN,53,43,389,256,1.52
Brandon Williams,7876,TE,14,IND,15,13,121,80,1.51
Jared Cook,5012,TE,16,OAK,83,54,688,457,1.51
Kareem Hunt,11841,HB,16,KC,62,53,455,303,1.5
Chris Ivory,6007,HB,12,JAX,25,21,175,117,1.5
Cameron Brate,9207,TE,16,TB,73,48,591,393,1.5
Jordan Reed,7866,TE,6,WAS,33,27,211,141,1.5
Kendall Wright,7026,WR,16,CHI,82,59,614,409,1.5
Tevin Coleman,9506,HB,15,ATL,36,27,299,200,1.5
JoJo Natson,12739,WR,4,NYJ,5,2,18,12,1.5
Travis Benjamin,7100,WR,16,LAC,63,34,567,381,1.49
T.J. Jones,8824,WR,14,DET,45,30,399,267,1.49
Melvin Gordon III,9448,HB,16,LAC,73,58,476,319,1.49
Maurice Harris,11035,WR,6,WAS,6,4,62,42,1.48
Andre Ellington,7968,HB,12,HST,56,39,369,249,1.48
Trey Burton,9185,TE,15,PHI,30,23,248,169,1.47
DeVante Parker,9447,WR,13,MIA,95,57,670,458,1.46
Evan Engram,11778,TE,15,NYG,108,64,722,496,1.46
Neal Sterling,9653,TE,9,NYJ,12,6,82,56,1.46
Ryan Grant,8777,WR,16,WAS,63,45,573,393,1.46
Dede Westbrook,11865,WR,7,JAX,49,27,339,233,1.45
Christian McCaffrey,11763,HB,16,CAR,106,80,651,448,1.45
Alshon Jeffery,7048,WR,16,PHI,113,57,789,549,1.44
Jeremy Maclin,4942,WR,12,BLT,67,40,440,308,1.43
Eric Ebron,8645,TE,16,DET,81,53,574,401,1.43
Nick Williams,8005,WR,1,ATL,4,3,30,21,1.43
Mack Hollins,11873,WR,16,PHI,21,16,226,159,1.42
Darrius Heyward-Bey,4930,WR,11,PIT,3,2,47,33,1.42
Brian Quick,7037,WR,7,WAS,8,6,76,54,1.41
George Kittle,11901,TE,15,SF,60,42,512,363,1.41
Elijhaa Penny,11300,HB,10,ARZ,5,4,38,27,1.41
Will Fuller V,10655,WR,10,HST,47,28,423,300,1.41
Damien Williams,9205,HB,11,MIA,26,20,155,110,1.41
Tyrell Williams,10154,WR,16,LAC,68,43,728,521,1.4
J.J. Nelson,9592,WR,16,ARZ,59,29,508,364,1.4
Deonte Thompson,7513,WR,16,BUF,67,38,555,396,1.4
Marlon Mack,11898,HB,14,IND,30,21,225,161,1.4
Nick Vannett,10728,TE,15,SEA,15,12,124,89,1.39
Leonard Fournette,11759,HB,13,JAX,43,36,302,218,1.39
Josh Bellamy,7472,WR,13,CHI,44,24,376,271,1.39
Elijah McGuire,11943,HB,14,NYJ,26,17,177,128,1.38
Chris Thompson,12330,WR,7,HST,6,5,84,61,1.38
James O'Shaughnessy,9606,TE,16,JAX,21,14,149,108,1.38
Virgil Green,6356,TE,16,DEN,22,14,191,139,1.37
LeSean McCoy,4976,HB,16,BUF,71,58,443,326,1.36
David Njoku,11784,TE,16,CLV,58,32,386,284,1.36
Kenny Stills,7926,WR,16,MIA,101,58,847,621,1.36
Randall Cobb,6216,WR,15,GB,85,66,653,479,1.36
Terrance Williams,7855,WR,16,DAL,75,53,568,420,1.35
Emmanuel Sanders,5606,WR,12,DEN,87,47,555,411,1.35
Terrance West,8729,HB,5,BLT,4,2,23,17,1.35
Austin Hooper,10715,TE,16,ATL,62,49,526,390,1.35
Martavis Bryant,8753,WR,15,PIT,81,50,603,447,1.35
Dion Lewis,6301,HB,16,NE,33,32,214,159,1.35
Eric Decker,5611,WR,16,TEN,83,54,563,420,1.34
Samaje Perine,11869,HB,12,WAS,24,22,182,136,1.34
Zach Miller,5104,TE,8,CHI,34,20,236,178,1.33
Kyle Rudolph,6195,TE,16,MIN,76,57,532,401,1.33
Le'Veon Bell,7829,HB,15,PIT,103,85,655,498,1.32
D.J. Foster,11214,HB,7,ARZ,27,17,133,101,1.32
Taywan Taylor,11827,WR,16,TEN,26,16,231,176,1.31
Jamaal Williams,11889,HB,13,GB,33,25,262,200,1.31
Phillip Supernaw,7324,TE,12,TEN,6,4,39,30,1.3
Jerell Adams,10818,TE,15,NYG,11,8,92,71,1.3
Sammy Watkins,8639,WR,15,LA,66,39,593,455,1.3
Clive Walford,9501,TE,11,OAK,13,9,80,62,1.29
Paul Richardson Jr.,8680,WR,16,SEA,80,44,703,544,1.29
Dontrelle Inman,6597,WR,11,CHI,43,25,343,265,1.29
Kendrick Bourne,12270,WR,11,SF,31,16,257,201,1.28
Ryan Griffin,7982,TE,7,HST,22,12,158,123,1.28
Peyton Barber,10927,HB,13,TB,18,16,114,90,1.27
Eric Tomlinson,9786,TE,14,NYJ,10,8,121,95,1.27
Adam Humphries,10075,WR,16,TB,82,61,631,499,1.26
Benjamin Watson,1753,TE,16,BLT,77,61,522,417,1.25
Gerald Everett,11799,TE,16,LA,30,16,244,195,1.25
Eric Weems,4097,WR,3,TEN,2,1,5,4,1.25
Larry Pinkard,9930,WR,3,JAX,1,1,5,4,1.25
Tre McBride,9678,WR,7,CHI,15,8,144,116,1.24
Michael Roberts,11882,TE,13,DET,5,4,46,37,1.24
Cody Latimer,8691,WR,11,DEN,27,19,287,231,1.24
Wendell Smallwood,10787,HB,7,PHI,16,13,103,83,1.24
Jamaal Charles,4387,HB,14,DEN,27,23,129,104,1.24
Frank Gore,2282,HB,16,IND,36,29,245,198,1.24
Alan Cross,10931,FB,8,TB,6,5,58,47,1.23
Julius Thomas,6281,TE,14,MIA,59,41,388,316,1.23
C.J. Uzomah,9590,TE,14,CIN,13,10,92,75,1.23
Ty Montgomery,9527,HB,7,GB,26,22,180,148,1.22
Ed Dickson,5595,TE,16,CAR,44,30,437,359,1.22
Kenjon Barner,7963,HB,12,PHI,8,5,56,46,1.22
Darren Sproles,2347,HB,3,PHI,12,7,73,60,1.22
Martellus Bennett,4375,TE,9,NE,41,30,286,235,1.22
Jarius Wright,7118,WR,16,MIN,23,18,198,162,1.22
J.D. McKissic,11047,HB,13,SEA,44,34,266,219,1.21
Devonta Freeman,8738,HB,13,ATL,41,36,317,261,1.21
Chris Hogan,6468,WR,9,NE,58,34,439,363,1.21
Andy Janovich,10810,FB,15,DEN,6,4,35,29,1.21
Seth DeValve,10772,TE,16,CLV,53,33,395,330,1.2
Jacob Hollister,12051,TE,11,NE,9,4,42,35,1.2
Trent Taylor,11932,WR,15,SF,59,43,430,362,1.19
Kerwynn Williams,8013,HB,13,ARZ,15,10,93,79,1.18
Quan Bray,9700,WR,6,IND,3,3,39,33,1.18
Stephen Anderson,11160,TE,15,HST,50,25,342,291,1.18
Jeremy Kerley,6305,WR,8,NYJ,25,22,217,186,1.17
James Hanna,7175,TE,16,DAL,7,4,88,75,1.17
Jason Witten,1384,TE,16,DAL,80,63,560,478,1.17
Tyler Higbee,10744,TE,16,LA,42,25,295,253,1.17
Wayne Gallman,11895,HB,13,NYG,42,34,193,165,1.17
Louis Murphy Jr.,5048,WR,7,SF,16,8,121,103,1.17
Rhett Ellison,7128,TE,16,NYG,28,24,235,203,1.16
Matt Dayes,12006,HB,6,CLV,5,4,29,25,1.16
Javorius Allen,9558,HB,16,BLT,55,46,250,218,1.15
Jaydon Mickens,11371,WR,8,JAX,11,6,77,67,1.15
Brittan Golden,7481,WR,8,ARZ,9,5,70,61,1.15
C.J. Fiedorowicz,8700,TE,5,HST,21,14,127,110,1.15
David Morgan,10822,TE,15,MIN,11,9,90,78,1.15
Tyler Lockett,9502,WR,16,SEA,68,45,555,481,1.15
Sammie Coates,9520,WR,9,CLV,10,6,70,61,1.15
Corey Davis,11760,WR,11,TEN,64,34,375,330,1.14
De'Anthony Thomas,8759,WR,16,KC,16,14,143,125,1.14
Cordarrelle Patterson,7810,WR,16,OAK,41,31,309,273,1.13
Matt Breida,12271,HB,16,SF,34,21,180,159,1.13
Sean McGrath,7515,TE,13,LAC,4,4,46,41,1.12
Shane Vereen,6208,HB,16,NYG,52,44,253,228,1.11
Jimmy Graham,5619,TE,16,SEA,91,56,516,466,1.11
Levine Toilolo,7915,TE,15,ATL,14,12,122,111,1.1
Justin Hardy,9540,WR,16,ATL,29,20,221,201,1.1
Josh Doctson,10656,WR,16,WAS,72,35,502,456,1.1
Shelton Gibson,11921,WR,2,PHI,3,2,11,10,1.1
Greg Olsen,3647,TE,7,CAR,34,17,191,175,1.09
Tyler Boyd,10689,WR,10,CIN,31,22,225,207,1.09
Jacquizz Rodgers,6297,HB,13,TB,11,9,74,68,1.09
Taylor Gabriel,9002,WR,16,ATL,48,33,378,348,1.09
Bilal Powell,6278,HB,15,NYJ,29,23,170,158,1.08
Lawrence Thomas,11265,FB,13,NYJ,7,6,43,40,1.08
Jeff Heuerman,9525,TE,14,DEN,18,9,142,131,1.08
Luke Willson,7940,TE,16,SEA,20,15,153,143,1.07
Derrick Henry,10679,HB,16,TEN,14,11,136,127,1.07
Kasen Williams,10195,WR,7,CLV,17,9,84,79,1.06
Maxx Williams,9488,TE,11,BLT,16,15,86,81,1.06
Tyler Kroft,9518,TE,16,CIN,59,42,404,381,1.06
Darren Fells,8549,TE,16,DET,23,17,177,167,1.06
Orleans Darkwa,9173,HB,15,NYG,26,19,116,109,1.06
Lee Smith,6311,TE,15,OAK,11,8,76,72,1.06
Damiere Byrd,9964,WR,8,CAR,16,10,105,99,1.06
Chester Rogers,10918,WR,11,IND,36,23,284,270,1.05
Keith Smith,9302,FB,11,DAL,5,5,26,25,1.04
Jermaine Gresham,5546,TE,14,ARZ,45,33,322,309,1.04
Chris Conley,9509,WR,5,KC,16,11,175,168,1.04
Brandon LaFell,5602,WR,16,CIN,86,52,548,528,1.04
Corey Coleman,10649,WR,9,CLV,50,23,305,293,1.04
A.J. Derby,9635,TE,11,MIA,38,21,244,234,1.04
Ameer Abdullah,9487,HB,14,DET,31,25,162,158,1.03
Dion Sims,7888,TE,14,CHI,27,15,180,175,1.03
Charles Sims,8704,HB,16,TB,44,34,247,240,1.03
Richard Rodgers,8733,TE,14,GB,17,12,160,155,1.03
Terrelle Pryor Sr.,6944,WR,9,WAS,35,20,240,236,1.02
Chris Moore,10741,WR,12,BLT,34,18,248,242,1.02
Demetrius Harris,8524,TE,16,KC,34,18,224,219,1.02
Donte Moncrief,8725,WR,12,IND,41,26,391,384,1.02
Tanner McEvoy,11288,WR,15,SEA,9,5,113,111,1.02
Ross Travis,10320,TE,14,IND,16,7,76,75,1.01
Pharoh Cooper,10751,WR,16,LA,18,11,84,83,1.01
Bruce Ellington,8741,WR,11,HST,50,29,330,328,1.01
Kenny Britt,4953,WR,12,NE,40,20,256,253,1.01
Ezekiel Elliott,10638,HB,10,DAL,33,26,269,267,1.01
Michael Floyd,7019,WR,11,MIN,14,10,78,78,1.0
Eddie Lacy,7842,HB,8,SEA,6,6,47,47,1.0
Nick Bellore,6515,LB,1,DET,1,1,1,1,1.0
Leonard Wester,10944,T,1,TB,1,1,2,2,1.0
Brandon Coleman,9086,WR,16,NO,34,23,364,366,0.99
Trevor Davis,10797,WR,12,GB,6,5,70,71,0.99
Jonnu Smith,11855,TE,16,TEN,28,18,157,159,0.99
Antonio Gates,1609,TE,16,LAC,44,30,316,320,0.99
Chris Johnson,4338,HB,4,ARZ,6,5,43,44,0.98
Aldrick Robinson,6330,WR,16,SF,44,19,260,266,0.98
Niles Paul,6307,TE,14,WAS,18,13,94,96,0.98
Bennie Fowler,8914,WR,16,DEN,54,29,350,358,0.98
Lamar Miller,7097,HB,16,HST,41,35,327,336,0.97
Corey Clement,12253,HB,15,PHI,14,10,123,127,0.97
Torrey Smith,6210,WR,16,PHI,63,36,430,442,0.97
Michael Campanaro,8852,WR,13,BLT,24,19,173,179,0.97
Geronimo Allison,11141,WR,15,GB,38,23,253,261,0.97
John Brown,8726,WR,10,ARZ,51,21,299,311,0.96
Tavarres King,7943,WR,8,NYG,32,18,240,249,0.96
Geoff Swaim,9679,TE,11,DAL,2,2,25,26,0.96
Ricardo Louis,10748,WR,15,CLV,55,27,357,372,0.96
Jordy Nelson,4350,WR,15,GB,84,53,482,506,0.95
Troy Niklas,8687,TE,15,ARZ,20,11,132,139,0.95
Byron Marshall,11076,HB,3,WAS,8,6,36,38,0.95
Austin Seferian-Jenkins,8673,TE,13,NYJ,71,50,357,377,0.95
Brent Celek,3778,TE,16,PHI,23,13,130,137,0.95
Seth Roberts,9079,WR,15,OAK,65,43,455,478,0.95
Phillip Dorsett,9462,WR,15,NE,17,12,194,205,0.95
Charcandrick West,9047,HB,13,KC,31,27,150,160,0.94
Nick Boyle,9604,TE,15,BLT,35,28,203,216,0.94
Roger Lewis Jr.,11246,WR,15,NYG,71,36,416,444,0.94
Jaelen Strong,9503,WR,2,JAX,4,3,38,41,0.93
Lance Kendricks,6199,TE,15,GB,28,18,203,218,0.93
Carlos Hyde,8692,HB,16,SF,83,59,350,376,0.93
C.J. Anderson,8101,HB,16,DEN,35,28,224,241,0.93
Ryan Hewitt,9107,TE,11,CIN,2,2,22,24,0.92
Doug Martin,7035,HB,11,TB,17,9,84,91,0.92
Hunter Sharp,11078,WR,3,NYG,9,5,54,59,0.92
Brandon Marshall,3064,WR,5,NYG,32,18,154,170,0.91
Jordan Matthews,8677,WR,10,BUF,34,25,282,309,0.91
Kenyan Drake,10707,HB,13,MIA,43,32,239,264,0.91
DeMarco Murray,6223,HB,15,TEN,44,39,266,292,0.91
Jaron Brown,8128,WR,16,ARZ,64,31,477,529,0.9
Thomas Rawls,9993,HB,11,SEA,13,9,94,104,0.9
Brandon Tate,5006,WR,9,BUF,14,6,81,92,0.88
Jamize Olawale,7572,FB,7,OAK,7,6,33,38,0.87
Alfred Blue,8816,HB,7,HST,8,7,54,63,0.86
Jordan Taylor,9793,WR,9,DEN,18,13,142,165,0.86
Luke Stocker,6256,TE,12,TEN,5,4,30,35,0.86
Akeem Hunt,9839,HB,10,KC,6,4,31,36,0.86
Cole Beasley,7330,WR,15,DAL,57,36,314,370,0.85
Malcolm Brown,9902,HB,11,LA,11,9,53,62,0.85
Michael Clark,12107,WR,2,GB,14,4,41,48,0.85
Isaiah Crowell,9295,HB,16,CLV,39,28,182,214,0.85
Curtis Samuel,11795,WR,9,CAR,26,15,115,135,0.85
Logan Thomas,8755,TE,10,BUF,9,7,67,80,0.84
Ryan Switzer,11888,WR,13,DAL,7,6,41,49,0.84
Marcedes Lewis,2973,TE,16,JAX,45,24,318,377,0.84
Jesse James,9593,TE,16,PIT,61,43,372,450,0.83
Marshawn Lynch,3628,HB,15,OAK,29,20,151,182,0.83
Paul Perkins,10783,HB,6,NYG,9,8,46,56,0.82
Chris Carson,12004,HB,4,SEA,7,7,59,72,0.82
Robert Turbin,7106,HB,6,IND,11,9,56,69,0.81
Tommy Bohanon,7997,FB,15,JAX,11,6,43,53,0.81
Will Tye,10070,TE,3,NYJ,6,4,38,47,0.81
Harry Douglas,4398,WR,2,TEN,3,1,8,10,0.8
Mike Tolbert,4740,HB,12,BUF,16,14,78,98,0.8
Latavius Murray,7962,HB,16,MIN,17,15,103,128,0.8
ArDarius Stewart,11834,WR,14,NYJ,12,6,82,104,0.79
Noah Brown,11993,WR,12,DAL,9,4,33,42,0.79
Tyler Eifert,7802,TE,2,CIN,5,4,46,58,0.79
Amara Darboh,11861,WR,16,SEA,13,8,71,91,0.78
Anthony Fasano,2998,TE,14,MIA,15,12,107,137,0.78
Chris Matthews,6820,WR,5,BLT,6,3,25,32,0.78
Anthony Sherman,6288,FB,13,KC,7,6,47,61,0.77
Alfred Morris,7165,HB,13,DAL,8,7,45,60,0.75
Bobby Rainey Jr.,7511,HB,4,BLT,6,5,18,24,0.75
Daniel Brown,10144,TE,9,CHI,20,13,129,171,0.75
Aaron Ripkowski,9639,FB,16,GB,7,7,39,52,0.75
Austin Traylor,11411,TE,7,DEN,12,8,100,135,0.74
Marcus Johnson,11074,WR,10,PHI,8,5,45,61,0.74
Jay Prosch,8845,FB,13,HST,4,4,31,42,0.74
Russell Shepard,8254,WR,14,CAR,29,17,202,280,0.72
Patrick Ricard,48862,FB,10,BLT,4,4,12,17,0.71
Adrian Peterson,3623,HB,10,ARZ,17,11,70,98,0.71
Willie Snead IV,8999,WR,11,NO,13,8,92,131,0.7
Tyler Ervin,10753,WR,3,HST,11,8,38,54,0.7
Bryce Treggs,11278,WR,6,CLV,17,5,79,113,0.7
Mike Williams,11762,WR,10,LAC,23,11,95,135,0.7
Leonte Carroo,10720,WR,8,MIA,12,7,69,100,0.69
Zay Jones,11792,WR,15,BUF,65,27,316,461,0.69
Josh Reynolds,11872,WR,15,LA,23,11,104,154,0.68
Braxton Miller,10719,WR,11,HST,28,19,162,242,0.67
Travis Rudolph,47997,WR,7,NYG,22,8,101,151,0.67
Laquon Treadwell,10657,WR,16,MIN,33,20,200,299,0.67
Josh Ferguson,10907,HB,3,IND,4,3,16,24,0.67
Rashard Higgins,10806,WR,15,CLV,46,27,312,471,0.66
Danny Vitale,10831,FB,14,CLV,4,3,19,29,0.66
Jared Abbrederis,8811,WR,7,DET,7,3,44,67,0.66
Jordan Howard,10784,HB,16,CHI,31,23,125,190,0.66
Jay Ajayi,9582,HB,14,PHI,33,24,158,238,0.66
Michael Hoomanawanui,5655,TE,14,NO,9,6,52,81,0.64
Arrelious Benn,5564,WR,7,JAX,2,1,12,19,0.63
Andre Holmes,6489,WR,14,BUF,23,13,120,196,0.61
Tavon Austin,7789,WR,16,LA,21,13,47,77,0.61
Randall Telfer,9631,TE,15,CLV,4,3,36,61,0.59
Xavier Grimble,9092,TE,12,PIT,8,5,32,54,0.59
Josh Hill,8200,TE,16,NO,22,16,125,213,0.59
Kaelin Clay,9617,WR,13,CAR,19,6,85,146,0.58
Demarcus Robinson,10760,WR,16,KC,37,21,212,363,0.58
Antony Auclair,24606,TE,7,TB,2,2,25,43,0.58
Dwayne Washington,10870,HB,5,DET,2,2,14,24,0.58
Andre Roberts,5612,WR,8,ATL,3,1,12,21,0.57
Eli Rogers,9878,WR,14,PIT,36,18,149,270,0.55
Dwayne Allen,7066,TE,16,NE,19,10,86,156,0.55
Brandon Bolden,7469,HB,2,NE,2,1,7,13,0.54
Cole Hikutini,12276,TE,3,SF,2,2,15,28,0.54
Kalif Raymond,11028,WR,3,NYG,1,1,12,23,0.52
Jeremy Hill,8690,HB,7,CIN,4,4,16,31,0.52
Branden Oliver,9286,HB,8,LAC,9,6,26,51,0.51
Jonathan Stewart,4327,HB,15,CAR,13,8,52,102,0.51
Fitzgerald Toussaint,9244,HB,4,PIT,3,2,9,18,0.5
Patrick DiMarco,6997,FB,14,BUF,10,7,28,56,0.5
Ryan Malleck,11247,TE,2,HST,1,1,3,6,0.5
Darius Powe,11251,WR,1,NYG,4,2,13,26,0.5
Griff Whalen,7351,WR,2,BLT,5,4,23,46,0.5
Max McCaffrey,11357,WR,3,SF,1,1,4,8,0.5
James Develin,6142,FB,15,NE,9,6,38,79,0.48
Justin Hunter,7815,WR,7,PIT,9,4,23,48,0.48
Jeff Janis,8870,WR,3,GB,5,2,12,26,0.46
Chad Williams,11853,WR,6,ARZ,5,3,31,68,0.46
Jeremy Sprinkle,11909,TE,7,WAS,3,2,13,29,0.45
LeGarrette Blount,5863,HB,16,PHI,8,8,50,112,0.45
Markus Wheaton,7860,WR,11,CHI,17,3,51,117,0.44
Tanner Gentry,12170,WR,4,CHI,5,3,35,80,0.44
Terron Ward,9778,HB,4,ATL,3,3,14,32,0.44
Tion Green,12185,HB,5,DET,2,2,14,33,0.42
Josh Malone,11883,WR,11,CIN,16,6,63,151,0.42
Chad Hansen,11896,WR,14,NYJ,15,9,94,227,0.41
Cameron Artis-Payne,9607,HB,3,CAR,1,1,2,5,0.4
MarQueis Gray,8286,TE,11,MIA,3,1,10,25,0.4
DeAndrew White,9697,WR,2,HST,5,1,24,60,0.4
Rob Kelley,11090,HB,7,WAS,5,4,18,46,0.39
Jehu Chesson,11894,WR,4,KC,4,2,18,46,0.39
Mike Gillislee,7946,HB,8,NE,1,1,15,38,0.39
Kamar Aiken,6671,WR,15,IND,38,15,133,354,0.38
Derrick Coleman,7377,FB,15,ATL,6,2,20,53,0.38
Breshad Perriman,9459,WR,11,BLT,31,10,77,215,0.36
Ben Koyack,9662,TE,16,JAX,5,5,38,106,0.36
Garrett Griffin,11439,TE,3,NO,1,1,4,11,0.36
Darrell Daniels,12122,TE,12,IND,12,3,26,72,0.36
Blake Bell,9550,TE,13,MIN,4,3,19,54,0.35
Chris Manhertz,10211,TE,14,CAR,4,2,17,48,0.35
Isaiah McKenzie,11927,WR,10,DEN,12,4,29,84,0.35
Cobi Hamilton,7978,WR,2,HST,6,1,8,26,0.31
Charone Peake,10875,WR,3,NYJ,1,1,3,10,0.3
Senorise Perry,9035,HB,2,MIA,1,1,3,11,0.27
Kevin White,9440,WR,1,CHI,4,2,6,24,0.25
Zach Line,8420,FB,11,NO,4,2,8,37,0.22
Michael Burton,9601,FB,16,CHI,3,2,8,40,0.2
Aaron Jones,11937,HB,9,GB,13,9,22,109,0.2
Matt Hazel,8825,WR,3,CLV,1,1,1,6,0.17
Roosevelt Nix,10269,FB,13,PIT,3,2,6,35,0.17
Lance Dunbar,7332,HB,3,LA,2,1,1,15,0.07
Jeff Cumberland,5861,TE,7,LAC,3,2,2,34,0.06
Stacy Coley,11974,WR,3,MIN,1,0,0,11,0.0
Cam Erving,9452,G,1,KC,1,0,0,1,0.0
Logan Paulsen,5795,TE,10,SF,2,0,0,32,0.0
Vince Mayle,9556,TE,5,BLT,1,0,0,7,0.0
Isaac Whitney,12251,WR,1,OAK,1,0,0,2,0.0
Matt LaCosse,9840,TE,5,DEN,1,0,0,16,0.0
David Fluellen,9184,HB,2,TEN,1,0,0,2,0.0
Adoree' Jackson,11773,CB,3,TEN,1,0,0,6,0.0
Cody Core,10833,WR,7,CIN,4,0,0,43,0.0
K.J. Brent,11349,WR,4,IND,1,0,0,8,0.0
Gabe Holmes,9980,TE,2,ARZ,1,0,0,5,0.0
John Ross,11764,WR,3,CIN,2,0,0,9,0.0
Cethan Carter,47149,TE,5,CIN,1,0,0,10,0.0
C.J. Spiller,5534,HB,1,KC,2,0,0,9,0.0
Ty Sambrailo,9492,T,2,ATL,1,0,0,2,0.0
Marquez Williams,11995,FB,1,CLV,1,0,0,3,0.0
Marquis Bundy,11429,WR,1,NYG,3,0,0,25,0.0
Zach Zenner,9761,HB,8,DET,1,0,0,19,0.0
Ed Eagan,11121,WR,1,NYG,1,0,0,3,0.0
Devante Mays,11994,HB,2,GB,3,3,0,9,0.0
